id,title,name,description,keywords,others
ファイル名,タイトル,ネーム,ディスクリプション,キーワード,アザーズ
ファイル名,タイトル,ネーム,ディスクリプション,キーワード,アザーズ
ファイル名,タイトル,ネーム,ディスクリプション,キーワード,アザーズ
ファイル名,タイトル,ネーム,ディスクリプション,キーワード,アザーズ
ファイル名,タイトル,ネーム,ディスクリプション,キーワード,アザーズ
ファイル名,タイトル,ネーム,ディスクリプション,キーワード,アザーズ
ファイル名,タイトル,ネーム,ディスクリプション,キーワード,アザーズ
ファイル名,タイトル,ネーム,ディスクリプション,キーワード,アザーズ
ファイル名,タイトル,ネーム,ディスクリプション,キーワード,アザーズ
ファイル名,タイトル,ネーム,ディスクリプション,キーワード,アザーズ
ファイル名,タイトル,ネーム,ディスクリプション,キーワード,アザーズ
ファイル名,タイトル,ネーム,ディスクリプション,キーワード,アザーズ
ファイル名,タイトル,ネーム,ディスクリプション,キーワード,アザーズ
ファイル名,タイトル,ネーム,ディスクリプション,キーワード,アザーズ
ファイル名,タイトル,ネーム,ディスクリプション,キーワード,アザーズ
ファイル名,タイトル,ネーム,ディスクリプション,キーワード,アザーズ
ファイル名,タイトル,ネーム,ディスクリプション,キーワード,アザーズ
ファイル名,タイトル,ネーム,ディスクリプション,キーワード,アザーズ
ファイル名,タイトル,ネーム,ディスクリプション,キーワード,アザーズ
ファイル名,タイトル,ネーム,ディスクリプション,キーワード,アザーズ